"symbol","direction","setup","rationale","notes","entry_price","exit_price","quantity","recorded_pnl","entry_time_utc","exit_time_utc","plan_adherence","review_went_well","review_improve"
"DEMO_A","LONG","","Synthetic case 01: testing only.","Mock data; no real trading history.","100","","10","","2026-09-01T09:00:00.123Z","","followed","Kept a written plan.","Review entry timing."
"DEMO_B","SHORT","Not specified","Synthetic case 02: testing only.","Mock data; no real trading history.","100","95","10","","2026-09-02T09:00:00.123Z","2026-09-02T10:00:00.456Z","partly","Kept a written plan.","Review entry timing."
"DEMO_C","LONG","Range","Synthetic case 03: testing only.","Mock data; no real trading history.","100","105","10","0","2026-09-03T09:00:00.123Z","2026-09-03T10:00:00.456Z","not_followed","Kept a written plan.","Review entry timing."
"DEMO_A","SHORT","Breakout","Synthetic case 04: testing only.","Comma, quoted ""patience""
and a second line.","100","95","10","20","2026-09-04T09:00:00.123Z","2026-09-04T10:00:00.456Z","","",""
"DEMO_B","LONG","Pullback","Synthetic case 05: testing only.","Mock data; no real trading history.","100","105","10","-10","2026-09-05T09:00:00.123Z","2026-09-05T10:00:00.456Z","followed","Kept a written plan.","Review entry timing."
"DEMO_C","SHORT","Range","Synthetic case 06: testing only.","Mock data; no real trading history.","100","95","10","50","2026-09-06T09:00:00.123Z","2026-09-06T10:00:00.456Z","partly","Kept a written plan.","Review entry timing."
"DEMO_A","LONG","","Synthetic case 07: testing only.","Mock data; no real trading history.","100","105","10","-30","2026-09-07T09:00:00.123Z","2026-09-07T10:00:00.456Z","not_followed","Kept a written plan.","Review entry timing."
"DEMO_B","SHORT","Not specified","Synthetic case 08: testing only.","Mock data; no real trading history.","100","","10","","2026-09-08T09:00:00.123Z","","","",""
"DEMO_C","LONG","Range","Synthetic case 09: testing only.","Mock data; no real trading history.","100","105","10","","2026-09-09T09:00:00.123Z","2026-09-09T10:00:00.456Z","followed","Kept a written plan.","Review entry timing."
"DEMO_A","SHORT","Breakout","Synthetic case 10: testing only.","Mock data; no real trading history.","100","95","10","-10","2026-09-10T09:00:00.123Z","2026-09-10T10:00:00.456Z","partly","Kept a written plan.","Review entry timing."
"DEMO_B","LONG","Pullback","Synthetic case 11: testing only.","Mock data; no real trading history.","100","105","10","50","2026-09-11T09:00:00.123Z","2026-09-11T10:00:00.456Z","not_followed","Kept a written plan.","Review entry timing."
"DEMO_C","SHORT","Range","Synthetic case 12: testing only.","Mock data; no real trading history.","100","95","10","-30","2026-09-12T09:00:00.123Z","2026-09-12T10:00:00.456Z","","",""
"DEMO_A","LONG","","Synthetic case 13: testing only.","Mock data; no real trading history.","100","105","10","0","2026-09-13T09:00:00.123Z","2026-09-13T10:00:00.456Z","followed","Kept a written plan.","Review entry timing."
"DEMO_B","SHORT","Not specified","Synthetic case 14: testing only.","Mock data; no real trading history.","100","95","10","20","2026-09-14T09:00:00.123Z","2026-09-14T10:00:00.456Z","partly","Kept a written plan.","Review entry timing."
"DEMO_C","LONG","Range","Synthetic case 15: testing only.","Mock data; no real trading history.","100","","10","","2026-09-15T09:00:00.123Z","","not_followed","Kept a written plan.","Review entry timing."
"DEMO_A","SHORT","Breakout","Synthetic case 16: testing only.","Mock data; no real trading history.","100","95","10","","2026-09-16T09:00:00.123Z","2026-09-16T10:00:00.456Z","","",""
"DEMO_B","LONG","Pullback","Synthetic case 17: testing only.","Mock data; no real trading history.","100","105","10","-30","2026-09-17T09:00:00.123Z","2026-09-17T10:00:00.456Z","followed","Kept a written plan.","Review entry timing."
"DEMO_C","SHORT","Range","Synthetic case 18: testing only.","Mock data; no real trading history.","100","95","10","0","2026-09-18T09:00:00.123Z","2026-09-18T10:00:00.456Z","partly","Kept a written plan.","Review entry timing."
"DEMO_A","LONG","","Synthetic case 19: testing only.","Mock data; no real trading history.","100","105","10","20","2026-09-19T09:00:00.123Z","2026-09-19T10:00:00.456Z","not_followed","Kept a written plan.","Review entry timing."
"DEMO_B","SHORT","Not specified","Synthetic case 20: testing only.","Mock data; no real trading history.","100","95","10","-10","2026-09-20T09:00:00.123Z","2026-09-20T10:00:00.456Z","","",""
"DEMO_C","LONG","Range","Synthetic case 21: testing only.","Mock data; no real trading history.","100","105","10","50","2026-09-21T09:00:00.123Z","2026-09-21T10:00:00.456Z","followed","Kept a written plan.","Review entry timing."
"DEMO_A","SHORT","Breakout","Synthetic case 22: testing only.","Mock data; no real trading history.","100","","10","","2026-09-22T09:00:00.123Z","","partly","Kept a written plan.","Review entry timing."
"DEMO_B","LONG","Pullback","Synthetic case 23: testing only.","Mock data; no real trading history.","100","105","10","","2026-09-23T09:00:00.123Z","2026-09-23T10:00:00.456Z","not_followed","Kept a written plan.","Review entry timing."
"DEMO_C","SHORT","Range","Synthetic case 24: testing only.","Mock data; no real trading history.","100","95","10","20","2026-09-24T09:00:00.123Z","2026-09-24T10:00:00.456Z","","",""
"DEMO_A","LONG","","Synthetic case 25: testing only.","Mock data; no real trading history.","100","105","10","-10","2026-09-25T09:00:00.123Z","2026-09-25T10:00:00.456Z","followed","Kept a written plan.","Review entry timing."
"DEMO_B","SHORT","Not specified","Synthetic case 26: testing only.","Mock data; no real trading history.","100","95","10","50","2026-09-26T09:00:00.123Z","2026-09-26T10:00:00.456Z","partly","Kept a written plan.","Review entry timing."
"DEMO_C","LONG","Range","Synthetic case 27: testing only.","Mock data; no real trading history.","100","105","10","-30","2026-09-27T09:00:00.123Z","2026-09-27T10:00:00.456Z","not_followed","Kept a written plan.","Review entry timing."
"DEMO_A","SHORT","Breakout","Synthetic case 28: testing only.","Mock data; no real trading history.","100","95","10","0","2026-09-28T09:00:00.123Z","2026-09-28T10:00:00.456Z","","",""
"DEMO_C","LONG","Range","Synthetic case 03: testing only.","Mock data; no real trading history.","100","105","10","0","2026-09-03T09:00:00.123Z","2026-09-03T10:00:00.456Z","not_followed","Kept a written plan.","Review entry timing."
"DEMO_A","LONG","","Synthetic case 01: testing only.","Mock data; no real trading history.","100","","10","","2026-09-01T09:00:00.123Z","","followed","Kept a written plan.","Review entry timing."
"DEMO_C","LONG","Range","Synthetic case 03: testing only.","Expected error: quantity must be greater than zero.","100","105","0","0","2026-09-03T09:00:00.123Z","2026-09-03T10:00:00.456Z","not_followed","Kept a written plan.","Review entry timing."
"DEMO_C","LONG","Range","Synthetic case 03: testing only.","Expected error: both exit fields are required.","100","","10","0","2026-09-03T09:00:00.123Z","2026-09-03T10:00:00.456Z","not_followed","Kept a written plan.","Review entry timing."
"DEMO_C","LONG","Range","Synthetic case 03: testing only.","Expected error: invalid calendar date.","100","105","10","0","2026-02-30T09:00:00Z","2026-09-03T10:00:00.456Z","not_followed","Kept a written plan.","Review entry timing."
"DEMO_C","LONG","Range","Synthetic case 03: testing only.","Expected error: exit precedes entry.","100","105","10","0","2026-09-03T09:00:00.123Z","2026-08-31T10:00:00Z","not_followed","Kept a written plan.","Review entry timing."
"DEMO_C","LONG","Range","Synthetic case 03: testing only.","Expected error: invalid plan assessment.","100","105","10","0","2026-09-03T09:00:00.123Z","2026-09-03T10:00:00.456Z","sometimes","Kept a written plan.","Review entry timing."
"DEMO_C","LONG","Range","Synthetic case 03: testing only.","Expected error: more than six decimal places.","1.1234567","105","10","0","2026-09-03T09:00:00.123Z","2026-09-03T10:00:00.456Z","not_followed","Kept a written plan.","Review entry timing."
